<?xml version="1.0" encoding="UTF-8" standalone="yes"?>
<!--DOCTYPE click-app SYSTEM "click.dtd" -->
<click-app charset="UTF-8" locale="ru">

  <pages package="net.sf.apr.cui"  >
    <!-- page path="forms/AdvancedForm.htm" classname="forms.AdvancedForm" /-->
  </pages>
  <pages package="org.apache.click.pages" />

	
  <!-- mode value="production|profile|development|debug|trace"/ -->
  <mode value="debug"/>
	
	<!-- Set Click internal Logger to slf4j instead of the default ConsoleLogService -->
	<log-service classname="org.apache.click.extras.service.Slf4jLogService"/>
	
	<!-- Set the template engine to use Freemarker instead of Velocity -->
  <template-service classname="org.apache.click.extras.service.FreemarkerTemplateServiceSpring"/>
	
	<!-- Set the org.apache.click.service.CommonsFileUploadService properties: sizeMax and fileSizeMax. -->
  <file-upload-service>
    <!-- Set the total request maximum size to 10mb (10 x 1024 x 1024 = 10485760). The default request upload size is unlimited. -->
    <property name="sizeMax" value="10485760"/>
 
    <!-- Set the maximum individual file size to 2mb (2 x 1024 x 1024 = 2097152). The default file upload size is unlimited. -->
    <property name="fileSizeMax" value="2097152"/>
  </file-upload-service>
	
</click-app>